{
	"B2crane1": {
		"armourHeat": 4,
		"armourKinetic": 10,
		"buildPoints": 50,
		"buildPower": 25,
		"class": "Babas",
		"hitpoints": 140,
		"id": "B2crane1",
		"model": "cranebody1.pie",
		"name": "*crane1*",
		"powerOutput": 2800,
		"size": "LIGHT",
		"weaponSlots": 1,
		"weight": 1600
	},
	"B2crane2": {
		"armourHeat": 4,
		"armourKinetic": 10,
		"buildPoints": 50,
		"buildPower": 25,
		"class": "Babas",
		"hitpoints": 140,
		"id": "B2crane2",
		"model": "cranebody2.pie",
		"name": "*crane2*",
		"powerOutput": 2800,
		"size": "LIGHT",
		"weaponSlots": 1,
		"weight": 1600
	},
	"B2tractor": {
		"armourHeat": 2,
		"armourKinetic": 7,
		"buildPoints": 30,
		"buildPower": 10,
		"class": "Babas",
		"hitpoints": 150,
		"id": "B2tractor",
		"model": "tractor.pie",
		"name": "*tractor*",
		"powerOutput": 1900,
		"size": "LIGHT",
		"weaponSlots": 1,
		"weight": 900
	},
	"ScavCamperBody": {
		"armourHeat": 3,
		"armourKinetic": 6,
		"buildPoints": 35,
		"buildPower": 15,
		"class": "Babas",
		"hitpoints": 130,
		"id": "ScavCamperBody",
		"model": "camper.pie",
		"name": "*scavenger camper*",
		"powerOutput": 2200,
		"size": "LIGHT",
		"weaponSlots": 1,
		"weight": 900
	},
	"ScavIcevanBody": {
		"armourHeat": 3,
		"armourKinetic": 6,
		"buildPoints": 50,
		"buildPower": 15,
		"class": "Babas",
		"hitpoints": 160,
		"id": "ScavIcevanBody",
		"model": "icevan.pie",
		"name": "*scavenger ice van*",
		"powerOutput": 2200,
		"size": "LIGHT",
		"weaponSlots": 1,
		"weight": 900
	},
	"ScavTruckBody": {
		"armourHeat": 5,
		"armourKinetic": 9,
		"buildPoints": 65,
		"buildPower": 15,
		"class": "Babas",
		"hitpoints": 190,
		"id": "ScavTruckBody",
		"model": "scavtruck.pie",
		"name": "*scavenger truck*",
		"powerOutput": 8000,
		"size": "LIGHT",
		"weaponSlots": 3,
		"weight": 2000
	},
	"ScavNEXUSbody": {
		"armourHeat": 8,
		"armourKinetic": 10,
		"buildPoints": 300,
		"buildPower": 50,
		"class": "Babas",
		"hitpoints": 180,
		"id": "ScavNEXUSbody",
		"model": "scavnexus.pie",
		"name": "*scavenger nexus tank*",
		"powerOutput": 5000,
		"size": "LIGHT",
		"weaponSlots": 1,
		"weight": 2000
	},
	"ScavNEXUStrack": {
		"armourHeat": 12,
		"armourKinetic": 14,
		"buildPoints": 100,
		"buildPower": 29,
		"class": "Babas",
		"hitpoints": 225,
		"id": "ScavNEXUStrack",
		"model": "nextrack.pie",
		"name": "*scavenger nexus track*",
		"powerOutput": 15000,
		"size": "LIGHT",
		"weaponSlots": 1,
		"weight": 1500
	},
	"ScavengerChopper": {
		"armourHeat": 4,
		"armourKinetic": 7,
		"buildPoints": 100,
		"buildPower": 40,
		"class": "Babas",
		"hitpoints": 130,
		"id": "ScavengerChopper",
		"model": "scavchop.pie",
		"name": "*scavenger chopper*",
		"powerOutput": 2000,
		"propulsionExtraModels": {
			"Helicopter": {
				"moving": "chblades.pie",
				"still": "mediumheli_rotor_stationary.pie"
			}
		},
		"size": "LIGHT",
		"weaponSlots": 1,
		"weight": 800
	},
	"HeavyChopper": {
		"armourHeat": 6,
		"armourKinetic": 11,
		"buildPoints": 110,
		"buildPower": 50,
		"class": "Babas",
		"hitpoints": 230,
		"id": "HeavyChopper",
		"model": "hvychop.pie",
		"name": "*heavy chopper*",
		"powerOutput": 2100,
		"propulsionExtraModels": {
			"Helicopter": {
				"moving": "hvyblades.pie",
				"still": "hvyblades-still.pie"
			}
		},
		"size": "LIGHT",
		"weaponSlots": 1,
		"weight": 1500
	},
	"B1BaBaPerson01": {
		"armourHeat": 1,
		"armourKinetic": 1,
		"buildPoints": 20,
		"buildPower": 1,
		"class": "Babas",
		"droidType": "PERSON",
		"hitpoints": 29,
		"id": "B1BaBaPerson01",
		"model": "exbloke.pie",
		"name": "*BaBa Body*",
		"powerOutput": 125,
		"size": "LIGHT",
		"weaponSlots": 1,
		"weight": 100
	},
	"B1BaBaPerson01-Ultimate": {
		"armourHeat": 2,
		"armourKinetic": 3,
		"buildPoints": 10,
		"buildPower": 10,
		"class": "Babas",
		"droidType": "PERSON",
		"hitpoints": 50,
		"id": "B1BaBaPerson01-Ultimate",
		"model": "exbloke.pie",
		"name": "*Ultimate BaBa Body*",
		"powerOutput": 125,
		"size": "LIGHT",
		"weaponSlots": 1,
		"weight": 100
	},
	"B2JeepBody": {
		"armourHeat": 1,
		"armourKinetic": 4,
		"buildPoints": 75,
		"buildPower": 4,
		"class": "Babas",
		"hitpoints": 120,
		"id": "B2JeepBody",
		"model": "exjeep.pie",
		"name": "*Baba Jeep Body*",
		"powerOutput": 2200,
		"size": "LIGHT",
		"weaponSlots": 1,
		"weight": 900
	},
	"B2JeepBody-Ultimate": {
		"armourHeat": 3,
		"armourKinetic": 5,
		"buildPoints": 24,
		"buildPower": 10,
		"class": "Babas",
		"hitpoints": 130,
		"id": "B2JeepBody-Ultimate",
		"model": "exjeep.pie",
		"name": "*Ultimate Baba Jeep Body*",
		"powerOutput": 2200,
		"size": "LIGHT",
		"weaponSlots": 1,
		"weight": 900
	},
	"B2RKJeepBody": {
		"armourHeat": 1,
		"armourKinetic": 4,
		"buildPoints": 75,
		"buildPower": 4,
		"class": "Babas",
		"hitpoints": 120,
		"id": "B2RKJeepBody",
		"model": "exjeeprk.pie",
		"name": "*Baba Jeep Body*",
		"powerOutput": 2200,
		"size": "LIGHT",
		"weaponSlots": 1,
		"weight": 900
	},
	"B2RKJeepBody-Ultimate": {
		"armourHeat": 3,
		"armourKinetic": 5,
		"buildPoints": 28,
		"buildPower": 10,
		"class": "Babas",
		"hitpoints": 130,
		"id": "B2RKJeepBody-Ultimate",
		"model": "exjeeprk.pie",
		"name": "*Ultimate Baba Jeep Body*",
		"powerOutput": 2200,
		"size": "LIGHT",
		"weaponSlots": 1,
		"weight": 900
	},
	"B3body-sml-buggy01": {
		"armourHeat": 1,
		"armourKinetic": 3,
		"buildPoints": 80,
		"buildPower": 3,
		"class": "Babas",
		"hitpoints": 100,
		"id": "B3body-sml-buggy01",
		"model": "exbuggy.pie",
		"name": "*Buggy Body*",
		"powerOutput": 2200,
		"size": "LIGHT",
		"weaponSlots": 1,
		"weight": 900
	},
	"B3body-sml-buggy01-Ultimate": {
		"armourHeat": 2,
		"armourKinetic": 4,
		"buildPoints": 20,
		"buildPower": 10,
		"class": "Babas",
		"hitpoints": 105,
		"id": "B3body-sml-buggy01-Ultimate",
		"model": "exbuggy.pie",
		"name": "*Ultimate Buggy Body*",
		"powerOutput": 2200,
		"size": "LIGHT",
		"weaponSlots": 1,
		"weight": 900
	},
	"B3bodyRKbuggy01": {
		"armourHeat": 1,
		"armourKinetic": 3,
		"buildPoints": 80,
		"buildPower": 3,
		"class": "Babas",
		"hitpoints": 100,
		"id": "B3bodyRKbuggy01",
		"model": "exbugrk.pie",
		"name": "*Rocket Buggy Body*",
		"powerOutput": 2200,
		"size": "LIGHT",
		"weaponSlots": 1,
		"weight": 900
	},
	"B3bodyRKbuggy01-Ultimate": {
		"armourHeat": 2,
		"armourKinetic": 4,
		"buildPoints": 28,
		"buildPower": 10,
		"class": "Babas",
		"hitpoints": 105,
		"id": "B3bodyRKbuggy01",
		"model": "exbugrk.pie",
		"name": "*Ultimate Rocket Buggy Body*",
		"powerOutput": 2200,
		"size": "LIGHT",
		"weaponSlots": 1,
		"weight": 900
	},
	"B4body-sml-trike01": {
		"armourHeat": 1,
		"armourKinetic": 1,
		"buildPoints": 65,
		"buildPower": 2,
		"class": "Babas",
		"hitpoints": 80,
		"id": "B4body-sml-trike01",
		"model": "extrike.pie",
		"name": "*Trike Body*",
		"powerOutput": 2100,
		"size": "LIGHT",
		"weaponSlots": 1,
		"weight": 675
	},
	"B4body-sml-trike01-Ultimate": {
		"armourHeat": 1,
		"armourKinetic": 3,
		"buildPoints": 15,
		"buildPower": 10,
		"class": "Babas",
		"hitpoints": 95,
		"id": "B4body-sml-trike01-Ultimate",
		"model": "extrike.pie",
		"name": "*Ultimate Trike Body*",
		"powerOutput": 2100,
		"size": "LIGHT",
		"weaponSlots": 1,
		"weight": 675
	},
	"Body10MBT": {
		"armourHeat": 25,
		"armourKinetic": 28,
		"buildPoints": 470,
		"buildPower": 80,
		"class": "Droids",
		"designable": 1,
		"hitpoints": 300,
		"id": "Body10MBT",
		"model": "drhbod10.pie",
		"name": "Vengeance",
		"powerOutput": 23000,
		"propulsionExtraModels": {
			"HalfTrack": {
				"left": "prhhtr3.pie"
			},
			"Helicopter": {
				"left": "prhheli2.pie",
				"still": "heavyheli_rotor_stationary.pie",
				"moving": "fxheli10.pie"
			},
			"Naval": {
				"left": "prhnaval1.pie"
			},
			"V-Tol": {
				"left": "prhvtl2.pie",
				"moving": "fxvtl10.pie"
			},
			"hover01": {
				"left": "prhhov1.pie"
			},
			"tracked01": {
				"left": "prhtrk3.pie"
			},
			"wheeled01": {
				"left": "prhwhl1.pie"
			}
		},
		"size": "HEAVY",
		"weaponSlots": 1,
		"weight": 2500
	},
	"Body11ABT": {
		"armourHeat": 9,
		"armourKinetic": 20,
		"buildPoints": 350,
		"buildPower": 60,
		"class": "Droids",
		"designable": 1,
		"hitpoints": 200,
		"id": "Body11ABT",
		"model": "drhbod11.pie",
		"name": "Python",
		"powerOutput": 20000,
		"propulsionExtraModels": {
			"HalfTrack": {
				"left": "prhhtr3.pie"
			},
			"Helicopter": {
				"left": "prhheli3.pie",
				"still": "heavyheli_rotor_stationary.pie",
				"moving": "fxheli11.pie"
			},
			"Naval": {
				"left": "prhnaval1.pie"
			},
			"V-Tol": {
				"left": "prhvtl3.pie",
				"moving": "fxvtl11.pie"
			},
			"hover01": {
				"left": "prhhov1.pie"
			},
			"tracked01": {
				"left": "prhtrk3.pie"
			},
			"wheeled01": {
				"left": "prhwhl1.pie"
			}
		},
		"size": "HEAVY",
		"weaponSlots": 1,
		"weight": 2700
	},
	"Body12SUP": {
		"armourHeat": 24,
		"armourKinetic": 24,
		"buildPoints": 35,
		"buildPower": 10,
		"class": "Droids",
		"designable": 1,
		"hitpoints": 480,
		"id": "Body12SUP",
		"model": "drhbod12.pie",
		"name": "Mantis",
		"powerOutput": 20000,
		"propulsionExtraModels": {
			"HalfTrack": {
				"left": "prhhtr3.pie"
			},
			"Helicopter": {
				"left": "prhheli4.pie",
				"still": "heavyheli_rotor_stationary.pie",
				"moving": "fxheli12.pie"
			},
			"Naval": {
				"left": "prhnaval1.pie"
			},
			"V-Tol": {
				"left": "prhvtl4.pie",
				"moving": "fxvtl12.pie"
			},
			"hover01": {
				"left": "prhhov1.pie"
			},
			"tracked01": {
				"left": "prhtrk3.pie"
			},
			"wheeled01": {
				"left": "prhwhl1.pie"
			}
		},
		"size": "HEAVY",
		"weaponSlots": 1,
		"weight": 1900
	},
	"Body13SUP": {
		"armourHeat": 28,
		"armourKinetic": 28,
		"buildPoints": 470,
		"buildPower": 86,
		"class": "Droids",
		"designable": 1,
		"hitpoints": 350,
		"id": "Body13SUP",
		"model": "drmbod13.pie",
		"name": "Wyvern",
		"powerOutput": 25000,
		"propulsionExtraModels": {
			"HalfTrack": {
				"left": "prhhtr3.pie"
			},
			"Helicopter": {
				"left": "prhheli1.pie",
				"still": "heavyheli_rotor_stationary.pie",
				"moving": "fxheli12.pie"
			},
			"Naval": {
				"left": "prhnaval1.pie"
			},
			"V-Tol": {
				"left": "prhvtl1.pie",
				"moving": "fxvtl12.pie"
			},
			"hover01": {
				"left": "prhhov1.pie"
			},
			"tracked01": {
				"left": "prhtrk3.pie"
			},
			"wheeled01": {
				"left": "prhwhl1.pie"
			}
		},
		"size": "HEAVY",
		"weaponSlots": 1,
		"weight": 3500
	},
	"Body14SUP": {
		"armourHeat": 30,
		"armourKinetic": 30,
		"buildPoints": 500,
		"buildPower": 90,
		"class": "Droids",
		"designable": 1,
		"hitpoints": 350,
		"id": "Body14SUP",
		"model": "drhbod14.pie",
		"name": "Dragon",
		"powerOutput": 30000,
		"propulsionExtraModels": {
			"HalfTrack": {
				"left": "prshtr4.pie"
			},
			"Helicopter": {
				"left": "prsheli1.pie",
				"still": "superheavyheli_rotor_stationary.pie",
				"moving": "fxheli12.pie"
			},
			"Naval": {
				"left": "prhnaval1.pie"
			},
			"V-Tol": {
				"left": "prsvtl1.pie",
				"moving": "fxvtl12.pie"
			},
			"hover01": {
				"left": "prshov1.pie"
			},
			"tracked01": {
				"left": "prstrk4.pie"
			},
			"wheeled01": {
				"left": "prswhl1.pie"
			}
		},
		"size": "HEAVY",
		"weaponSlots": 2,
		"weight": 4500
	},
	"Body1REC": {
		"armourHeat": 4,
		"armourKinetic": 10,
		"buildPoints": 150,
		"buildPower": 30,
		"class": "Droids",
		"designable": 1,
		"hitpoints": 65,
		"id": "Body1REC",
		"model": "drlbod01.pie",
		"name": "Viper",
		"powerOutput": 5000,
		"propulsionExtraModels": {
			"HalfTrack": {
				"left": "prlhtr1.pie"
			},
			"Helicopter": {
				"left": "prlheli1.pie",
				"still": "lightheli_rotor_stationary.pie",
				"moving": "fxheli01.pie"
			},
			"Naval": {
				"left": "prhnaval1.pie"
			},
			"V-Tol": {
				"left": "prlvtl1.pie",
				"moving": "fxvtl01.pie"
			},
			"hover01": {
				"left": "prlhov1.pie"
			},
			"tracked01": {
				"left": "prltrk1.pie"
			},
			"wheeled01": {
				"left": "prlwhl1.pie"
			}
		},
		"size": "LIGHT",
		"weaponSlots": 1,
		"weight": 600
	},
	"Body2SUP": {
		"armourHeat": 6,
		"armourKinetic": 14,
		"buildPoints": 170,
		"buildPower": 37,
		"class": "Droids",
		"designable": 1,
		"hitpoints": 120,
		"id": "Body2SUP",
		"model": "drlbod02.pie",
		"name": "Leopard",
		"powerOutput": 6500,
		"propulsionExtraModels": {
			"HalfTrack": {
				"left": "prlhtr1.pie"
			},
			"Helicopter": {
				"left": "prlheli2.pie",
				"still": "mediumheli_rotor_stationary.pie",
				"moving": "fxheli2and3.pie"
			},
			"Naval": {
				"left": "prhnaval1.pie"
			},
			"V-Tol": {
				"left": "prlvtl2.pie",
				"moving": "fxvtl2and3.pie"
			},
			"hover01": {
				"left": "prlhov1.pie"
			},
			"tracked01": {
				"left": "prltrk1.pie"
			},
			"wheeled01": {
				"left": "prlwhl1.pie"
			}
		},
		"size": "LIGHT",
		"weaponSlots": 1,
		"weight": 750
	},
	"Body3MBT": {
		"armourHeat": 15,
		"armourKinetic": 20,
		"buildPoints": 170,
		"buildPower": 45,
		"class": "Droids",
		"designable": 1,
		"hitpoints": 150,
		"id": "Body3MBT",
		"model": "drlbod03.pie",
		"name": "Retaliation",
		"powerOutput": 5000,
		"propulsionExtraModels": {
			"HalfTrack": {
				"left": "prlhtr1.pie"
			},
			"Helicopter": {
				"left": "prlheli2.pie",
				"still": "lightheli_rotor_stationary.pie",
				"moving": "fxheli2and3.pie"
			},
			"Naval": {
				"left": "prhnaval1.pie"
			},
			"V-Tol": {
				"left": "prlvtl2.pie",
				"moving": "fxvtl2and3.pie"
			},
			"hover01": {
				"left": "prlhov1.pie"
			},
			"tracked01": {
				"left": "prltrk1.pie"
			},
			"wheeled01": {
				"left": "prlwhl1.pie"
			}
		},
		"size": "LIGHT",
		"weaponSlots": 1,
		"weight": 450
	},
	"Body4ABT": {
		"armourHeat": 10,
		"armourKinetic": 10,
		"buildPoints": 5,
		"buildPower": 5,
		"class": "Droids",
		"designable": 1,
		"hitpoints": 105,
		"id": "Body4ABT",
		"model": "drlbod04.pie",
		"name": "Bug",
		"powerOutput": 5000,
		"propulsionExtraModels": {
			"HalfTrack": {
				"left": "prlhtr1.pie"
			},
			"Helicopter": {
				"left": "prlheli3.pie",
				"still": "mediumheli_rotor_stationary.pie",
				"moving": "fxheli04.pie"
			},
			"Naval": {
				"left": "prhnaval1.pie"
			},
			"V-Tol": {
				"left": "prlvtl3.pie",
				"moving": "fxvtl04.pie"
			},
			"hover01": {
				"left": "prlhov1.pie"
			},
			"tracked01": {
				"left": "prltrk1.pie"
			},
			"wheeled01": {
				"left": "prlwhl1.pie"
			}
		},
		"size": "LIGHT",
		"weaponSlots": 1,
		"weight": 250
	},
	"Body5REC": {
		"armourHeat": 6,
		"armourKinetic": 15,
		"buildPoints": 250,
		"buildPower": 46,
		"class": "Droids",
		"designable": 1,
		"hitpoints": 130,
		"id": "Body5REC",
		"model": "drmbod05.pie",
		"name": "Cobra",
		"powerOutput": 15000,
		"propulsionExtraModels": {
			"HalfTrack": {
				"left": "prmhtr2.pie"
			},
			"Helicopter": {
				"left": "prmheli1.pie",
				"still": "mediumheli_rotor_stationary.pie",
				"moving": "fxheli5to8.pie"
			},
			"Naval": {
				"left": "prhnaval1.pie"
			},
			"V-Tol": {
				"left": "prmvtl1.pie",
				"moving": "fxvtl5to8.pie"
			},
			"hover01": {
				"left": "prmhov1.pie"
			},
			"tracked01": {
				"left": "prmtrk2.pie"
			},
			"wheeled01": {
				"left": "prmwhl1.pie"
			}
		},
		"size": "MEDIUM",
		"weaponSlots": 1,
		"weight": 2000
	},
	"Body6SUPP": {
		"armourHeat": 9,
		"armourKinetic": 18,
		"buildPoints": 300,
		"buildPower": 57,
		"class": "Droids",
		"designable": 1,
		"hitpoints": 193,
		"id": "Body6SUPP",
		"model": "drmbod06.pie",
		"name": "Panther",
		"powerOutput": 18000,
		"propulsionExtraModels": {
			"HalfTrack": {
				"left": "prmhtr2.pie"
			},
			"Helicopter": {
				"left": "prmheli1.pie",
				"still": "mediumheli_rotor_stationary.pie",
				"moving": "fxheli5to8.pie"
			},
			"Naval": {
				"left": "prhnaval1.pie"
			},
			"V-Tol": {
				"left": "prmvtl1.pie",
				"moving": "fxvtl5to8.pie"
			},
			"hover01": {
				"left": "prmhov1.pie"
			},
			"tracked01": {
				"left": "prmtrk2.pie"
			},
			"wheeled01": {
				"left": "prmwhl1.pie"
			}
		},
		"size": "MEDIUM",
		"weaponSlots": 1,
		"weight": 2500
	},
	"Body7ABT": {
		"armourHeat": 20,
		"armourKinetic": 24,
		"buildPoints": 330,
		"buildPower": 64,
		"class": "Droids",
		"designable": 1,
		"hitpoints": 230,
		"id": "Body7ABT",
		"model": "drmbod07.pie",
		"name": "Retribution",
		"powerOutput": 15000,
		"propulsionExtraModels": {
			"HalfTrack": {
				"left": "prmhtr2.pie"
			},
			"Helicopter": {
				"left": "prmheli1.pie",
				"still": "mediumheli_rotor_stationary.pie",
				"moving": "fxheli5to8.pie"
			},
			"Naval": {
				"left": "prhnaval1.pie"
			},
			"V-Tol": {
				"left": "prmvtl1.pie",
				"moving": "fxvtl5to8.pie"
			},
			"hover01": {
				"left": "prmhov2.pie"
			},
			"tracked01": {
				"left": "prmtrk2.pie"
			},
			"wheeled01": {
				"left": "prmwhl1.pie"
			}
		},
		"size": "MEDIUM",
		"weaponSlots": 1,
		"weight": 1500
	},
	"Body8MBT": {
		"armourHeat": 15,
		"armourKinetic": 15,
		"buildPoints": 25,
		"buildPower": 10,
		"class": "Droids",
		"designable": 1,
		"hitpoints": 225,
		"id": "Body8MBT",
		"model": "drmbod08.pie",
		"name": "Scorpion",
		"powerOutput": 15000,
		"propulsionExtraModels": {
			"HalfTrack": {
				"left": "prmhtr2.pie"
			},
			"Helicopter": {
				"left": "prmheli1.pie",
				"still": "mediumheli_rotor_stationary.pie",
				"moving": "fxheli5to8.pie"
			},
			"Naval": {
				"left": "prhnaval1.pie"
			},
			"V-Tol": {
				"left": "prmvtl1.pie",
				"moving": "fxvtl5to8.pie"
			},
			"hover01": {
				"left": "prmhov1.pie"
			},
			"tracked01": {
				"left": "prmtrk2.pie"
			},
			"wheeled01": {
				"left": "prmwhl1.pie"
			}
		},
		"size": "MEDIUM",
		"weaponSlots": 1,
		"weight": 1400
	},
	"Body9REC": {
		"armourHeat": 15,
		"armourKinetic": 22,
		"buildPoints": 420,
		"buildPower": 71,
		"class": "Droids",
		"designable": 1,
		"hitpoints": 284,
		"id": "Body9REC",
		"model": "drhbod09.pie",
		"name": "Tiger",
		"powerOutput": 18000,
		"propulsionExtraModels": {
			"HalfTrack": {
				"left": "prhhtr3.pie"
			},
			"Helicopter": {
				"left": "prhheli1.pie",
				"still": "heavyheli_rotor_stationary.pie",
				"moving": "fxheli09.pie"
			},
			"Naval": {
				"left": "prhnaval1.pie"
			},
			"V-Tol": {
				"left": "prhvtl1.pie",
				"moving": "fxvtl09.pie"
			},
			"hover01": {
				"left": "prhhov1.pie"
			},
			"tracked01": {
				"left": "prhtrk3.pie"
			},
			"wheeled01": {
				"left": "prhwhl1.pie"
			}
		},
		"size": "HEAVY",
		"weaponSlots": 1,
		"weight": 3300
	},
	"BusBody": {
		"armourHeat": 1,
		"armourKinetic": 4,
		"buildPoints": 75,
		"buildPower": 4,
		"class": "Babas",
		"hitpoints": 200,
		"id": "BusBody",
		"model": "exschool.pie",
		"name": "*School Bus Body*",
		"powerOutput": 4000,
		"size": "LIGHT",
		"weaponSlots": 1,
		"weight": 2000
	},
	"CyborgHeavyBody": {
		"armourHeat": 8,
		"armourKinetic": 15,
		"buildPoints": 205,
		"buildPower": 50,
		"class": "Cyborgs",
		"droidType": "CYBORG_SUPER",
		"hitpoints": 300,
		"id": "CyborgHeavyBody",
		"model": "scbd_std.pie",
		"name": "Cyborg Heavy Body",
		"powerOutput": 500,
		"size": "LIGHT",
		"usageClass": "SuperCyborg",
		"weaponSlots": 1,
		"weight": 250
	},
	"CyborgLightBody": {
		"armourHeat": 6,
		"armourKinetic": 12,
		"buildPoints": 95,
		"buildPower": 25,
		"class": "Cyborgs",
		"droidType": "CYBORG",
		"hitpoints": 200,
		"id": "CyborgLightBody",
		"model": "cybd_std.pie",
		"name": "Cyborg Light Body",
		"powerOutput": 500,
		"size": "LIGHT",
		"usageClass": "Cyborg",
		"weaponSlots": 1,
		"weight": 150
	},
	"FireBody": {
		"armourHeat": 1,
		"armourKinetic": 4,
		"buildPoints": 75,
		"buildPower": 4,
		"class": "Babas",
		"hitpoints": 200,
		"id": "FireBody",
		"model": "exfire.pie",
		"name": "*Fire Engine Body*",
		"powerOutput": 4000,
		"size": "LIGHT",
		"weaponSlots": 1,
		"weight": 3000
	},
	"SuperTransportBody": {
		"armourHeat": 20,
		"armourKinetic": 34,
		"buildPoints": 625,
		"buildPower": 500,
		"class": "Transports",
		"droidType": "SUPERTRANSPORTER",
		"hitpoints": 3000,
		"id": "SuperTransportBody",
		"model": "drtrans.pie",
		"name": "Super Transport Body",
		"powerOutput": 7525,
		"size": "SUPER HEAVY",
		"weaponSlots": 1,
		"weight": 1850
	},
	"TransporterBody": {
		"armourHeat": 9,
		"armourKinetic": 20,
		"buildPoints": 637,
		"buildPower": 325,
		"class": "Transports",
		"droidType": "TRANSPORTER",
		"hitpoints": 1000,
		"id": "TransporterBody",
		"model": "drcytran.pie",
		"name": "Transport Body",
		"powerOutput": 2000,
		"size": "MEDIUM",
		"weaponSlots": 1,
		"weight": 250
	},
	"ZNULLBODY": {
		"id": "ZNULLBODY",
		"model": "znullbody.pie",
		"name": "*Z NULL BODY*",
		"propulsionExtraModels": {
			"ZNULLPROP": {
				"left": "znullfull.pie"
			}
		},
		"size": "LIGHT",
		"weaponSlots": 1
	}
}
