{
	"ALL ROUNDER": {
		"Half-Tracked": 115,
		"Hover": 120,
		"Legged": 65,
		"Lift": 40,
		"Tracked": 105,
		"Wheeled": 125
	},
	"ANTI PERSONNEL": {
		"Half-Tracked": 50,
		"Hover": 110,
		"Legged": 150,
		"Lift": 60,
		"Tracked": 40,
		"Wheeled": 100
	},
	"ANTI TANK": {
		"Half-Tracked": 125,
		"Hover": 90,
		"Legged": 30,
		"Lift": 80,
		"Tracked": 120,
		"Wheeled": 130
	},
	"ARTILLERY ROUND": {
		"Half-Tracked": 125,
		"Hover": 150,
		"Legged": 175,
		"Lift": 200,
		"Tracked": 100,
		"Wheeled": 150
	},
	"BUNKER BUSTER": {
		"Half-Tracked": 40,
		"Hover": 20,
		"Legged": 30,
		"Lift": 30,
		"Tracked": 50,
		"Wheeled": 30
	},
	"FLAMER": {
		"Half-Tracked": 100,
		"Hover": 130,
		"Legged": 130,
		"Lift": 25,
		"Tracked": 90,
		"Wheeled": 110
	}
}
